
{
  "Ansi 5 Color" : {
    "Green Component" : 0.3058823645114899,
    "Red Component" : 0.43529412150383,
    "Blue Component" : 0.7372549176216125
  },
  "Tags" : [

  ],
  "Ansi 12 Color" : {
    "Green Component" : 0.2705882489681244,
    "Red Component" : 0.1764705926179886,
    "Blue Component" : 0.3843137323856354
  },
  "Ansi 6 Color" : {
    "Green Component" : 0.800000011920929,
    "Red Component" : 0.3882353007793427,
    "Blue Component" : 0.8901960849761963
  },
  "Transparency" : 0.0314950073964497,
  "Bold Color" : {
    "Green Component" : 1,
    "Red Component" : 1,
    "Blue Component" : 1
  },
  "Normal Font" : "SFMono-Regular 12",
  "Guid" : "63294B0D-19FB-4167-B2A4-7D5FFD61040C",
  "Ansi 2 Color" : {
    "Green Component" : 0.9215686321258545,
    "Red Component" : 0.2313725501298904,
    "Blue Component" : 0.1647058874368668
  },
  "Rows" : 25,
  "Default Bookmark" : "No",
  "Ansi 3 Color" : {
    "Green Component" : 0.7568627595901489,
    "Red Component" : 0.9882352948188782,
    "Blue Component" : 0.2745098173618317
  },
  "Blend" : 0.9686473357371794,
  "Cursor Guide Color" : {
    "Red Component" : 0.65,
    "Color Space" : "Calibrated",
    "Blue Component" : 1,
    "Alpha Component" : 0.25,
    "Green Component" : 0.91
  },
  "Non-ASCII Anti Aliased" : true,
  "Use Bright Bold" : true,
  "Ansi 10 Color" : {
    "Green Component" : 0.9215686321258545,
    "Red Component" : 0.2313725501298904,
    "Blue Component" : 0.1647058874368668
  },
  "Ambiguous Double Width" : false,
  "Jobs to Ignore" : [
    "rlogin",
    "ssh",
    "slogin",
    "telnet"
  ],
  "Ansi 15 Color" : {
    "Green Component" : 0.5490196347236633,
    "Red Component" : 0.5137255191802979,
    "Blue Component" : 0.5843137502670288
  },
  "Foreground Color" : {
    "Green Component" : 0.9686274528503418,
    "Red Component" : 0.9647058844566345,
    "Blue Component" : 0.9333333373069763
  },
  "Bound Hosts" : [

  ],
  "Working Directory" : "\/Users\/Illya",
  "Blinking Cursor" : true,
  "Disable Window Resizing" : true,
  "Sync Title" : false,
  "Prompt Before Closing 2" : false,
  "BM Growl" : true,
  "Command" : "",
  "Description" : "Default",
  "Mouse Reporting" : true,
  "Screen" : -1,
  "Selection Color" : {
    "Green Component" : 0.929411768913269,
    "Red Component" : 0.9960784316062927,
    "Blue Component" : 0.6274510025978088
  },
  "Only The Default BG Color Uses Transparency" : true,
  "Columns" : 80,
  "Idle Code" : 0,
  "Ansi 13 Color" : {
    "Green Component" : 0.3058823645114899,
    "Red Component" : 0.43529412150383,
    "Blue Component" : 0.7372549176216125
  },
  "Custom Command" : "No",
  "ASCII Anti Aliased" : true,
  "Non Ascii Font" : "AnonymicePowerline 12",
  "Vertical Spacing" : 1.006106457078313,
  "Use Bold Font" : true,
  "Option Key Sends" : 0,
  "Selected Text Color" : {
    "Green Component" : 1,
    "Red Component" : 1,
    "Blue Component" : 1
  },
  "Background Color" : {
    "Green Component" : 0.1098039215686274,
    "Red Component" : 0.06666666666666667,
    "Blue Component" : 0.1647058823529412
  },
  "Character Encoding" : 4,
  "Ansi 11 Color" : {
    "Green Component" : 0.7568627595901489,
    "Red Component" : 0.9882352948188782,
    "Blue Component" : 0.2745098173618317
  },
  "Thin Strokes" : 0,
  "Use Italic Font" : true,
  "Unlimited Scrollback" : false,
  "Keyboard Map" : {
    "0xf700-0x260000" : {
      "Text" : "[1;6A",
      "Action" : 10
    },
    "0x37-0x40000" : {
      "Text" : "0x1f",
      "Action" : 11
    },
    "0x32-0x40000" : {
      "Text" : "0x00",
      "Action" : 11
    },
    "0xf709-0x20000" : {
      "Text" : "[17;2~",
      "Action" : 10
    },
    "0xf70c-0x20000" : {
      "Text" : "[20;2~",
      "Action" : 10
    },
    "0xf729-0x20000" : {
      "Text" : "[1;2H",
      "Action" : 10
    },
    "0xf72b-0x40000" : {
      "Text" : "[1;5F",
      "Action" : 10
    },
    "0xf705-0x20000" : {
      "Text" : "[1;2Q",
      "Action" : 10
    },
    "0xf703-0x260000" : {
      "Text" : "[1;6C",
      "Action" : 10
    },
    "0xf700-0x220000" : {
      "Text" : "[1;2A",
      "Action" : 10
    },
    "0xf703-0x300000" : {
      "Action" : 11,
      "Text" : "0x05"
    },
    "0x38-0x40000" : {
      "Text" : "0x7f",
      "Action" : 11
    },
    "0x33-0x40000" : {
      "Text" : "0x1b",
      "Action" : 11
    },
    "0xf703-0x220000" : {
      "Text" : "[1;2C",
      "Action" : 10
    },
    "0xf701-0x240000" : {
      "Text" : "[1;5B",
      "Action" : 10
    },
    "0xf70d-0x20000" : {
      "Text" : "[21;2~",
      "Action" : 10
    },
    "0xf702-0x260000" : {
      "Text" : "[1;6D",
      "Action" : 10
    },
    "0xf729-0x40000" : {
      "Text" : "[1;5H",
      "Action" : 10
    },
    "0xf702-0x300000" : {
      "Action" : 11,
      "Text" : "0x01"
    },
    "0xf706-0x20000" : {
      "Text" : "[1;2R",
      "Action" : 10
    },
    "0x34-0x40000" : {
      "Text" : "0x1c",
      "Action" : 11
    },
    "0x2d-0x40000" : {
      "Text" : "0x1f",
      "Action" : 11
    },
    "0xf70e-0x20000" : {
      "Text" : "[23;2~",
      "Action" : 10
    },
    "0xf702-0x220000" : {
      "Text" : "[1;2D",
      "Action" : 10
    },
    "0x7f-0x100000" : {
      "Text" : "0x18 0x7f",
      "Action" : 11
    },
    "0xf703-0x280000" : {
      "Action" : 10,
      "Text" : "f"
    },
    "0xf707-0x20000" : {
      "Text" : "[1;2S",
      "Action" : 10
    },
    "0xf700-0x240000" : {
      "Text" : "[1;5A",
      "Action" : 10
    },
    "0xf70a-0x20000" : {
      "Text" : "[18;2~",
      "Action" : 10
    },
    "0x35-0x40000" : {
      "Text" : "0x1d",
      "Action" : 11
    },
    "0xf70f-0x20000" : {
      "Text" : "[24;2~",
      "Action" : 10
    },
    "0xf703-0x240000" : {
      "Text" : "[1;5C",
      "Action" : 10
    },
    "0x7f-0x80000" : {
      "Text" : "0x1B 0x08",
      "Action" : 11
    },
    "0xf701-0x260000" : {
      "Text" : "[1;6B",
      "Action" : 10
    },
    "0xf702-0x280000" : {
      "Action" : 10,
      "Text" : "b"
    },
    "0xf72b-0x20000" : {
      "Text" : "[1;2F",
      "Action" : 10
    },
    "0x36-0x40000" : {
      "Text" : "0x1e",
      "Action" : 11
    },
    "0xf708-0x20000" : {
      "Text" : "[15;2~",
      "Action" : 10
    },
    "0xf70b-0x20000" : {
      "Text" : "[19;2~",
      "Action" : 10
    },
    "0xf701-0x220000" : {
      "Text" : "[1;2B",
      "Action" : 10
    },
    "0xf702-0x240000" : {
      "Text" : "[1;5D",
      "Action" : 10
    },
    "0xf704-0x20000" : {
      "Text" : "[1;2P",
      "Action" : 10
    }
  },
  "Window Type" : 0,
  "Blur Radius" : 30,
  "Blink Allowed" : false,
  "Blur" : true,
  "Use HFS Plus Mapping" : false,
  "Badge Color" : {
    "Red Component" : 1,
    "Color Space" : "Calibrated",
    "Blue Component" : 0,
    "Alpha Component" : 0.5,
    "Green Component" : 0
  },
  "Cursor Type" : 1,
  "Scrollback Lines" : 1000,
  "Background Image Location" : "\/Users\/Illya\/Pictures\/Wallpapers\/DRQa9pe.jpg",
  "Send Code When Idle" : false,
  "Close Sessions On End" : true,
  "Terminal Type" : "xterm-256color",
  "Visual Bell" : true,
  "Flashing Bell" : false,
  "Silence Bell" : true,
  "Session Close Undo Timeout" : 15,
  "Ansi 14 Color" : {
    "Green Component" : 0.800000011920929,
    "Red Component" : 0.3882353007793427,
    "Blue Component" : 0.8901960849761963
  },
  "Background Image Is Tiled" : false,
  "Name" : "Starikov",
  "Cursor Text Color" : {
    "Green Component" : 0.1411764770746231,
    "Red Component" : 0.125490203499794,
    "Blue Component" : 0.1764705926179886
  },
  "Shortcut" : "",
  "Cursor Color" : {
    "Green Component" : 0.9686274528503418,
    "Red Component" : 0.9647058844566345,
    "Blue Component" : 0.9333333373069763
  },
  "Ansi 0 Color" : {
    "Green Component" : 0.09165759384632111,
    "Red Component" : 0.08429315686225891,
    "Blue Component" : 0.1117589250206947
  },
  "Ansi 1 Color" : {
    "Green Component" : 0.1607843190431595,